location,land_area_sqft,floors,bedrooms,bathrooms,total_price
Chitwan,1055,1,5,4,9043960
Dhangadi,2779,2,6,3,25670660
Pokhara,2018,1,6,2,22047000
Pokhara,727,4,4,4,12176040
Pokhara,1447,4,1,4,23816220
Chitwan,1850,3,2,3,22251300
Chitwan,1504,4,3,3,20803520
Pokhara,2710,1,4,2,29558160
Dhangadi,2531,4,4,1,32439680
Pokhara,629,1,4,3,7137540
Chitwan,2885,3,2,1,34566860
Dhangadi,689,2,2,2,6590220
Dhangadi,696,4,6,1,9139000
Dhangadi,1963,1,3,2,14673940
Chitwan,2706,3,1,4,32494940
Dhangadi,814,4,2,4,10729480
Syangja,2135,4,3,4,24157120
Pokhara,2163,2,5,1,27689840
Syangja,1733,2,2,4,13430920
Pokhara,1477,4,2,3,24294400
Chitwan,2883,4,4,1,39855660
Syangja,2031,3,3,4,19391840
Pokhara,2777,2,2,1,35312580
Chitwan,684,2,1,4,7316280
Syangja,1270,4,1,3,14463240
Kathmandu,1149,3,1,1,20370940
Kathmandu,1065,2,3,2,16921240
Pokhara,1618,1,5,2,17765760
Dhangadi,2527,2,6,1,23325080
Syangja,1374,4,3,1,15570500
Kathmandu,2094,4,2,2,40468500
Syangja,2207,3,4,2,21034180
Syangja,706,4,1,4,8168540
Dhangadi,1079,3,1,4,11901600
Dhangadi,1123,1,2,1,8519460
Chitwan,2544,1,4,2,21375080
Chitwan,2962,2,6,3,30262060
Chitwan,921,2,1,1,9472640
Kathmandu,1769,3,5,3,30943900
Pokhara,1894,4,3,1,31112040
Pokhara,2839,4,2,4,46329740
Chitwan,653,3,5,4,8128880
Syangja,2480,4,2,2,28061860
Kathmandu,2594,4,6,3,50172520
Dhangadi,2309,1,4,4,17186240
Chitwan,2130,3,3,4,25522280
Chitwan,698,3,1,4,8635600
Syangja,2246,2,2,2,17362640
Syangja,2329,4,5,3,26431820
Chitwan,1424,1,2,2,12054080
Kathmandu,2169,4,5,2,42095540
Dhangadi,2638,4,4,1,33949980
Chitwan,1784,3,3,2,21629480
Pokhara,1336,1,6,3,14715840
Kathmandu,1033,2,4,2,16427620
Chitwan,2899,2,3,1,29576300
Syangja,2703,4,5,1,30448260
Pokhara,2839,1,1,2,30982160
Dhangadi,2951,4,5,4,37953540
Syangja,736,3,4,2,7325500
Pokhara,901,4,3,4,14830300
Chitwan,2362,2,3,2,24197420
Kathmandu,2139,2,4,3,33799580
Chitwan,1464,4,6,2,20264920
Syangja,1954,4,5,4,22329240
Dhangadi,2724,4,4,2,35031460
Dhangadi,1004,1,6,1,7500440
Chitwan,2324,2,4,1,23845200
Kathmandu,930,4,6,2,18039240
Kathmandu,2129,2,2,4,33458000
Dhangadi,734,3,5,2,8271640
Dhangadi,992,1,4,4,7624340
Syangja,1133,4,1,2,12908180
Dhangadi,1938,4,5,1,24808500
Kathmandu,2677,1,6,1,37259080
Pokhara,2028,3,1,4,29559220
Chitwan,1358,3,1,3,16474740
Pokhara,2399,2,6,2,30598800
Kathmandu,750,1,6,4,10565280
Pokhara,1204,3,4,2,17689560
Chitwan,1625,3,2,3,19616560
Kathmandu,1339,2,2,3,21242180
Chitwan,1221,1,6,4,10507100
Dhangadi,917,1,4,1,6916700
Dhangadi,2162,1,2,4,16005540
Pokhara,2130,1,3,1,23389480
Pokhara,2345,2,5,3,29935360
Kathmandu,850,3,3,2,15154960
Kathmandu,651,3,5,3,11648720
Chitwan,1730,2,2,3,17811840
Dhangadi,2254,3,5,3,24851640
Pokhara,686,2,2,4,8890320
Pokhara,847,4,5,3,13992760
Pokhara,1941,2,4,2,24811780
Syangja,1208,2,2,2,9586940
Pokhara,956,3,5,1,14050900
Chitwan,1742,1,1,4,14792920
Kathmandu,1233,4,6,2,24050740
Dhangadi,1910,3,1,4,21252040
Kathmandu,2232,4,3,2,43218000
Pokhara,1292,2,2,2,16730860
Chitwan,2921,3,3,4,34976440
Pokhara,844,2,3,3,10827660
Dhangadi,1284,4,1,1,16592460
Chitwan,2767,3,4,3,33197680
Chitwan,1867,4,6,4,25781600
Kathmandu,960,2,2,3,15111220
Syangja,2716,3,5,1,25885180
Pokhara,2943,4,2,4,47846700
Pokhara,2689,3,4,1,38898000
Dhangadi,608,1,6,1,4724320
Dhangadi,2471,1,6,2,18325720
Pokhara,992,4,4,4,16243540
Pokhara,752,4,3,1,12383620
Kathmandu,2655,4,3,2,51339100
Dhangadi,1085,2,3,2,10208980
Dhangadi,1055,1,4,1,8022200
Dhangadi,2482,1,4,2,18333900
Pokhara,2924,3,5,2,42403880
Chitwan,662,1,2,1,5877680
Syangja,2708,1,1,1,15882720
Chitwan,2932,4,1,4,40507500
Syangja,609,4,2,2,7083780
Pokhara,1251,1,6,4,13822620
Pokhara,926,1,6,4,10270740
Syangja,2444,2,6,3,18747480
Kathmandu,1045,4,4,3,20484640
Dhangadi,2149,1,4,4,16006020
Chitwan,2193,4,4,1,30342180
Chitwan,2973,1,3,4,25066840
Kathmandu,2919,3,2,1,50957320
Dhangadi,1791,1,6,4,13217360
Kathmandu,1071,4,1,1,21020280
Syangja,2190,3,1,1,20819560
Pokhara,1216,2,6,2,15629220
Kathmandu,1582,1,1,3,22198120
Chitwan,1872,3,4,2,22501200
Kathmandu,1976,3,4,4,34592520
Dhangadi,1567,1,2,4,11813380
Pokhara,977,4,2,3,15974180
Chitwan,1263,3,4,3,15299440
Dhangadi,1997,4,4,4,25531880
Pokhara,2486,1,5,2,27232680
Kathmandu,1302,4,1,2,25262260
Dhangadi,965,2,6,3,9014700
Syangja,2272,3,6,1,21622880
Syangja,2048,3,2,1,19634300
Syangja,2264,3,5,1,21418760
Syangja,2209,1,4,4,13269720
Pokhara,1159,4,1,3,19022040
Chitwan,990,3,3,1,12244480
Chitwan,1051,4,6,2,14693880
Syangja,1939,4,3,1,21948420
Chitwan,922,3,5,2,11428140
Syangja,1230,3,3,2,12015620
Dhangadi,639,2,4,2,6161800
Pokhara,2489,2,5,2,31801640
Syangja,1126,4,2,2,12966080
Syangja,1045,2,1,3,8154460
Pokhara,844,1,3,2,9455200
Kathmandu,2975,4,6,1,57368340
Kathmandu,732,4,6,2,14306280
Pokhara,1410,4,4,4,23134100
Syangja,2696,4,4,1,30316920
Kathmandu,1206,1,5,1,17056280
Syangja,1181,1,3,2,7260040
Dhangadi,796,1,3,1,6108800
Chitwan,2794,2,2,1,28520720
Pokhara,1669,2,6,4,21270200
Pokhara,632,3,4,2,9327420
Pokhara,2622,1,3,2,28739760
Kathmandu,1636,3,2,4,28773760
Syangja,771,2,3,3,6150760
Kathmandu,1821,4,4,1,35220640
Dhangadi,864,3,5,1,9612620
Kathmandu,2828,3,1,4,49472860
Kathmandu,1326,1,5,2,18623600
Pokhara,1367,4,6,4,22358720
Dhangadi,2861,3,2,3,31505220
Pokhara,2540,3,5,2,36973060
Kathmandu,2604,1,3,3,36399340
Syangja,708,3,2,1,6913100
Chitwan,2596,1,1,4,21835600
Dhangadi,1868,4,2,3,23979880
Chitwan,1648,4,3,4,22901620
Syangja,1524,3,2,2,14602640
Pokhara,2584,4,1,1,42131240
Pokhara,772,1,3,2,8637180
Dhangadi,2092,3,4,1,23177800
Pokhara,2090,2,5,1,26695740
Kathmandu,897,4,3,3,17675340
Chitwan,891,3,6,2,11004820
Chitwan,2632,1,4,4,22072560
Dhangadi,914,1,1,4,6936200
Kathmandu,1852,3,2,4,32577860
Chitwan,2496,3,5,1,30036800
Dhangadi,1909,3,6,1,21046820
Dhangadi,1071,3,2,2,11978880
Dhangadi,2894,3,1,1,31785060
Syangja,1721,3,6,2,16563920
Chitwan,1497,1,5,2,12711860
Syangja,1267,4,1,4,14451060
Pokhara,2078,4,1,4,34075480
Kathmandu,2560,4,5,4,49458420
Dhangadi,2012,1,3,1,15059600
Dhangadi,1998,4,3,3,25592340
Chitwan,2856,3,1,4,34409540
Syangja,1287,3,3,3,12271180
Kathmandu,2783,3,2,2,48901680
Dhangadi,1460,3,5,3,16095120
Chitwan,2142,3,4,4,25837940
Chitwan,747,3,4,3,9181720
Dhangadi,1283,3,1,3,14215560
Chitwan,1567,4,6,2,21904880
Dhangadi,901,1,2,3,6832580
Pokhara,1002,4,3,2,16401160
Dhangadi,1563,2,1,2,14495820
Pokhara,2141,3,1,2,31223740
Syangja,1973,4,5,3,22479600
Chitwan,650,3,4,1,7934920
Syangja,2948,3,2,4,28070400
Kathmandu,1253,1,4,4,17581360
Pokhara,921,1,3,3,10276920
Kathmandu,2708,1,1,2,37619300
Syangja,2786,2,4,2,21480660
Kathmandu,1918,3,3,2,33810760
Kathmandu,2958,3,5,3,51637200
Chitwan,1562,2,1,2,16136520
Kathmandu,1830,4,1,3,35284300
Chitwan,999,4,4,4,14132720
Chitwan,1031,4,2,4,14388140
Kathmandu,2143,4,4,3,41385840
Dhangadi,787,4,4,1,10290540
Dhangadi,2823,4,4,4,36173720
Pokhara,2256,1,4,3,24735380
Kathmandu,1236,2,3,3,19672980
Kathmandu,2461,2,4,4,38803220
Pokhara,883,2,6,2,11457840
Kathmandu,2860,2,4,1,44909280
Syangja,1584,4,2,1,18129300
Pokhara,1227,3,2,3,17863560
Dhangadi,1310,3,5,4,14500060
Pokhara,2626,4,3,4,42729500
Pokhara,2844,3,1,3,41440080
Pokhara,1488,2,2,2,18966720
Kathmandu,2160,4,6,3,41723340
Dhangadi,1753,2,3,4,16276620
Pokhara,982,3,5,4,14340000
Chitwan,1056,4,1,2,14835600
Dhangadi,1363,4,1,2,17620320
Chitwan,1327,1,1,4,11172420
Syangja,1157,4,6,2,13281380
Kathmandu,1311,2,3,3,20777940
Kathmandu,631,1,1,1,8983880
Chitwan,2347,2,1,1,24135220
Chitwan,2939,1,1,2,24734900
Syangja,1350,3,2,4,12836180
Chitwan,2988,3,5,2,35850920
Dhangadi,1717,3,6,1,18975800
Pokhara,1431,3,5,2,20996700
Kathmandu,1598,3,2,3,28089160
Pokhara,1778,4,4,3,29099740
Pokhara,1495,3,1,2,21944400
Kathmandu,698,3,6,1,12539700
Syangja,1629,1,5,3,9613580
Dhangadi,1860,4,6,3,23805360
Dhangadi,1466,4,5,3,18791700
Dhangadi,1732,2,6,3,16068580
Syangja,2640,3,1,1,25119020
Syangja,1179,2,1,2,9122520
Dhangadi,1270,3,5,4,14073700
Syangja,2292,1,4,4,13575540
Chitwan,1200,2,5,2,12399660
Chitwan,2814,1,6,3,23520880
Chitwan,1074,1,6,4,9311020
Pokhara,1308,4,1,3,21524360
Chitwan,1604,2,6,1,16348380
Pokhara,2015,1,2,1,22086960
Dhangadi,1486,1,5,4,11025920
Syangja,2617,1,1,3,15463120
Dhangadi,709,3,3,4,7902700
Pokhara,703,1,2,2,8025220
Syangja,1481,3,4,2,14242880
Chitwan,2302,1,1,1,19345960
Pokhara,1950,2,3,1,24737660
Dhangadi,860,3,3,3,9655480
Chitwan,866,2,1,4,9033580
Chitwan,1064,4,6,4,14917900
Syangja,2200,1,3,1,12974540
Chitwan,1534,1,5,2,13035960
Kathmandu,1404,3,2,1,24685800
Pokhara,1694,1,5,1,18640220
Chitwan,1009,1,2,1,8805300
Dhangadi,1339,2,3,3,12526760
Pokhara,1161,3,3,3,17122020
Pokhara,2255,4,5,1,36863160
Dhangadi,2506,1,4,4,18610780
Dhangadi,2869,1,1,4,21117960
Kathmandu,2086,1,5,1,28987700
Syangja,2025,4,5,1,23050840
Syangja,2740,2,4,4,21033680
Chitwan,2001,1,2,1,17059460
Kathmandu,2566,1,5,2,35717060
Chitwan,1556,1,4,4,13176960
Kathmandu,2523,4,6,1,48690520
Dhangadi,1562,4,1,1,20111540
Kathmandu,921,1,2,2,13017560
Pokhara,1900,1,5,3,20811740
Dhangadi,2570,4,5,2,32963140
Kathmandu,2940,4,5,1,56657240
Chitwan,1260,3,3,3,15371280
Syangja,2201,4,3,3,24989320
Chitwan,2241,1,6,1,18844460
Kathmandu,1303,3,3,2,23059460
Dhangadi,2600,3,5,3,28615220
Kathmandu,2516,4,1,1,48696540
Kathmandu,1358,4,5,1,26410540
Kathmandu,2965,2,3,4,46619480
Dhangadi,1594,1,4,2,12041020
Chitwan,2528,2,2,2,25671480
Kathmandu,2116,2,1,3,33353120
Syangja,2914,3,1,3,27722160
Pokhara,2195,4,4,1,35874960
Chitwan,1963,4,2,1,27079660
Syangja,2723,1,4,1,16073000
Dhangadi,1428,1,5,2,10556220
Pokhara,2050,3,1,1,29992540
Chitwan,2295,3,2,4,27581020
Syangja,1657,1,6,2,9961280
Kathmandu,2248,1,3,2,31254020
Chitwan,2728,4,3,3,37740100
Chitwan,1539,2,4,3,15861520
Dhangadi,2329,4,3,4,29806800
Pokhara,1005,2,4,3,13065080
Pokhara,1608,1,5,3,17734200
Syangja,2745,3,6,3,26135000
Dhangadi,1593,1,6,2,11970120
Dhangadi,657,1,5,2,5253980
Pokhara,2582,1,2,3,28239340
Kathmandu,2108,3,5,1,37051100
Syangja,2425,3,3,1,23136060
Syangja,2158,1,4,3,12769500
Dhangadi,1975,4,2,4,25546640
Syangja,1114,4,6,4,12787600
Syangja,966,2,3,3,7755880
Syangja,1339,4,2,1,15209880
Kathmandu,1045,1,5,4,14653980
Dhangadi,1218,3,3,3,13593880
Dhangadi,1801,2,4,1,16546560
Syangja,2770,4,3,1,31271620
Chitwan,1809,4,4,2,24989460
Kathmandu,797,4,2,3,15618480
Dhangadi,1414,3,4,3,15721060
Syangja,699,2,5,3,5672480
Pokhara,1982,4,3,4,32416960
Pokhara,1217,1,1,2,13377880
Chitwan,1356,4,6,2,19015760
Syangja,1801,1,2,3,10571920
Kathmandu,1097,4,6,4,21211980
Dhangadi,1336,3,2,4,14889600
Pokhara,1123,1,6,4,12456040
Chitwan,2476,4,6,2,34203460
Kathmandu,2922,2,3,1,46036100
Pokhara,1819,2,6,3,23193080
Kathmandu,619,2,5,2,9825660
Kathmandu,2898,3,4,2,50741800
Syangja,2523,1,1,1,15021680
Syangja,1862,4,5,1,21285420
Chitwan,1185,3,2,4,14418660
Pokhara,1571,4,1,2,25798140
Chitwan,1426,3,4,1,17330240
Chitwan,2860,3,3,2,34366800
Kathmandu,2546,2,4,2,40114480
Dhangadi,1807,2,3,2,16587220
Kathmandu,1333,2,6,4,21006760
Chitwan,1235,1,3,1,10558100
Kathmandu,2652,3,6,3,46452440
Chitwan,2682,1,6,3,22575640
Dhangadi,1834,1,3,2,13622600
Kathmandu,2933,4,6,3,56651300
Syangja,1711,1,6,4,10178000
Pokhara,2036,4,3,1,33419160
Syangja,776,3,2,4,7709120
Syangja,2536,4,3,3,28785540
Pokhara,2859,3,1,4,41416440
Chitwan,2885,1,2,4,24282260
Chitwan,623,3,6,3,7695260
Dhangadi,1648,1,2,3,12278700
Syangja,1230,1,5,4,7483000
Syangja,2996,2,4,2,22950860
Chitwan,1544,3,5,3,18514920
Dhangadi,1016,3,6,1,11286860
Chitwan,611,4,3,3,8672940
Kathmandu,2164,1,4,4,30225420
Kathmandu,992,1,2,1,13911180
Kathmandu,1757,2,1,2,27695180
Pokhara,2418,2,3,2,30730920
Chitwan,2440,4,1,2,33858500
Syangja,1768,4,3,2,20142080
Pokhara,1656,3,5,3,24116360
Pokhara,2773,4,5,4,45256680
Syangja,1244,3,4,4,11962740
Dhangadi,2897,3,6,1,31966320
Syangja,2645,2,4,4,20226760
Syangja,2867,2,2,4,22112080
Chitwan,1299,3,3,3,15575220
Dhangadi,912,3,1,4,10276840
Pokhara,1284,2,5,4,16574420
Dhangadi,1274,1,6,2,9491740
Chitwan,1732,3,3,4,20977160
Syangja,993,2,2,4,7841640
Pokhara,2948,2,4,3,37421440
Chitwan,1417,4,1,3,19854980
Pokhara,1705,2,4,1,21751820
Kathmandu,1909,3,4,3,33404620
Dhangadi,1200,2,2,3,11307960
Kathmandu,1660,3,6,2,29251460
Kathmandu,2950,1,3,2,40968520
Chitwan,2850,4,1,4,39378440
Chitwan,1568,4,3,3,21946960
Dhangadi,877,1,3,2,6541240
Kathmandu,1289,4,1,3,25039340
Syangja,1769,2,3,3,13595840
Pokhara,2920,2,2,2,37172240
Pokhara,2812,2,6,3,35624820
Syangja,1240,4,1,1,14266420
Syangja,1836,2,6,1,14426640
Dhangadi,1912,3,6,1,21164500
Syangja,1661,1,5,2,9979380
Chitwan,1033,1,2,1,8912520
Pokhara,2914,2,1,3,37186880
Chitwan,1247,3,6,2,15021220
Kathmandu,1019,4,3,1,19849200
Syangja,3000,1,3,1,17811200
Pokhara,916,3,4,3,13628420
Chitwan,1206,1,5,4,10340400
Chitwan,2947,1,4,3,24711020
Kathmandu,2616,2,5,1,40982100
Pokhara,1109,2,5,3,14463520
Chitwan,1961,2,5,1,19979140
Pokhara,973,1,2,1,10867820
Dhangadi,1129,2,5,3,10463540
Syangja,1823,4,1,3,20863960
Kathmandu,2350,3,5,2,41311780
Syangja,625,4,4,1,7150180
Syangja,2029,1,1,1,12015680
Kathmandu,1426,2,2,3,22665060
Chitwan,1230,1,5,4,10588920
Syangja,1894,3,5,2,17991340
Chitwan,763,3,2,1,9451540
Syangja,839,3,4,3,8131400
Pokhara,1623,1,3,2,17807740
Kathmandu,2236,4,1,1,43305420
Dhangadi,1348,3,2,1,14962940
Kathmandu,1265,2,2,2,20076140
Pokhara,788,2,1,1,10078600
Dhangadi,1614,4,6,1,20863140
Syangja,2426,4,2,1,27397640
Chitwan,2841,3,2,2,34227880
Kathmandu,2672,3,1,1,46735760
Chitwan,2381,1,3,4,19994420
Pokhara,2723,4,1,3,44461380
Dhangadi,2024,1,6,2,15240460
Chitwan,2757,3,1,3,33102440
Syangja,1247,3,1,1,12056000
Pokhara,2203,2,1,4,28001800
Pokhara,2130,4,1,1,34888560
Pokhara,1156,1,1,3,12671420
Dhangadi,2749,4,5,2,35264520
Pokhara,2833,2,5,1,36057700
Kathmandu,1294,4,6,3,25129860
Syangja,2670,1,4,1,15665980
Pokhara,650,4,6,4,10848280
Chitwan,2858,4,1,1,39516420
Kathmandu,1762,4,1,3,34174680
Dhangadi,1721,3,2,3,18970500
Dhangadi,1027,2,4,2,9620020
Dhangadi,1056,3,6,4,11707460
Pokhara,1927,1,3,2,21231560
Chitwan,2727,1,3,2,23079560
Dhangadi,1073,1,6,1,8074000
Kathmandu,2908,3,6,1,50946220
Syangja,675,3,3,2,6624460
Kathmandu,1117,4,1,2,21803240
Pokhara,1294,2,2,3,16631180
Dhangadi,2130,1,6,2,15780120
Syangja,1573,2,6,3,12239560
Kathmandu,2754,2,1,3,43141640
Syangja,1927,3,4,2,18351260
Syangja,2868,3,6,1,27236540
Dhangadi,2075,1,3,4,15415180
Syangja,1570,1,1,4,9285080
Chitwan,876,4,3,2,12139540
Kathmandu,2509,1,4,2,34970680
Pokhara,1522,2,6,3,19371480
Dhangadi,1415,1,2,1,10631360
Kathmandu,716,4,3,2,14074340
Chitwan,1032,1,5,3,8742300
Chitwan,1339,1,3,3,11401200
Dhangadi,824,3,4,2,9239400
Kathmandu,1922,3,2,3,33806520
Syangja,623,4,2,4,7262600
Syangja,1676,2,1,1,13058580
Kathmandu,990,4,6,3,19191700
Chitwan,2363,3,5,1,28478420
Pokhara,925,2,6,2,12036220
Chitwan,2321,2,6,4,23787940
Syangja,1528,1,3,2,9155580
Pokhara,2773,3,6,4,40157520
Kathmandu,2477,1,1,2,34385780
Kathmandu,2406,3,2,3,42200000
Chitwan,826,4,5,1,11562200
Kathmandu,2303,1,6,2,32117960
Chitwan,1072,2,2,3,11240540
Chitwan,710,2,1,4,7595660
Dhangadi,1376,4,1,1,17708640
Kathmandu,2356,1,4,1,32862000
Pokhara,1993,3,3,3,28987440
Syangja,1643,4,4,1,18770140
Dhangadi,2694,2,5,1,24848640
Syangja,1721,2,5,3,13538480
Dhangadi,2436,2,2,3,22402960
Chitwan,2149,4,6,2,29610340
Kathmandu,2271,4,5,4,43952540
Kathmandu,1349,4,5,3,26318220
Chitwan,1200,2,1,3,12418760
Chitwan,1376,4,6,3,19256220
Chitwan,2828,3,4,4,33946500
Syangja,1816,4,4,1,20556280
Syangja,1940,4,3,4,21993860
Syangja,2514,2,2,1,19372940
Chitwan,1550,2,6,3,16065360
Kathmandu,985,2,5,4,15707700
Chitwan,2846,1,2,3,23902620
Dhangadi,1788,4,1,4,22919180
Chitwan,677,4,5,2,9536980
Chitwan,1782,2,4,1,18269580
Kathmandu,2663,3,2,1,46759420
Kathmandu,1692,2,3,4,26773780
Pokhara,2386,3,2,3,34774580
Kathmandu,2589,1,2,3,35977720
Syangja,1846,1,6,3,11057460
Kathmandu,1715,4,3,1,33306340
Chitwan,2008,1,2,1,17107480
Dhangadi,2977,1,4,4,22015240
Chitwan,2966,3,2,3,35620260
Kathmandu,2480,1,5,3,34577600
Syangja,1736,2,5,1,13511880
Pokhara,750,2,6,4,9623160
Syangja,989,1,4,2,5968500
Syangja,899,2,6,4,7192580
Pokhara,1131,3,4,3,16608580
Syangja,1171,1,6,2,7211160
Dhangadi,1550,4,2,4,20111260
Chitwan,663,4,1,2,9391320
Kathmandu,2120,4,4,4,40969980
Dhangadi,2651,2,4,4,24306720
Chitwan,1067,3,2,3,12937920
Dhangadi,2591,1,2,2,19154020
Chitwan,708,2,5,3,7548020
Syangja,1543,1,1,2,9300160
Syangja,1730,4,4,1,19601680
Dhangadi,2969,2,4,2,27406940
Chitwan,1184,2,5,3,12253740
Chitwan,1224,2,3,4,12623740
Dhangadi,617,2,1,1,5883680
Dhangadi,1566,3,3,3,17254840
Syangja,622,3,1,4,6249840
Pokhara,2770,3,2,4,40244860
Syangja,1612,3,5,2,15576960
Pokhara,1266,4,1,3,20851660
Dhangadi,1126,4,4,2,14765620
Kathmandu,2332,4,6,1,45109940
Chitwan,2737,1,5,4,22910160
Syangja,2665,3,1,1,25491640
Syangja,2114,1,4,4,12468080
Dhangadi,2890,4,4,3,36971100
Chitwan,784,3,2,4,9692960
Kathmandu,1539,4,6,2,29796520
Pokhara,691,1,2,3,7683580
Syangja,868,1,6,1,5243860
Dhangadi,2377,1,2,1,17814520
Pokhara,1046,4,5,3,17418800
Dhangadi,1777,3,2,4,19832780
Syangja,2232,1,3,4,13209500
Chitwan,2971,4,6,2,40913240
Chitwan,1138,2,2,4,11876200
Kathmandu,1636,3,6,1,28708740
Syangja,1801,3,2,1,17199960
Dhangadi,956,2,3,2,8927740
Kathmandu,2986,2,4,2,47068600
Pokhara,681,1,2,2,7589360
Kathmandu,2497,2,6,3,39171500
Kathmandu,1299,1,1,3,18240600
Chitwan,2503,3,3,1,29907800
Syangja,1849,2,2,3,14427780
Chitwan,2220,2,5,3,22676660
Pokhara,2329,2,6,2,29656820
Chitwan,1763,1,2,2,14872720
Kathmandu,773,3,6,2,13836060
Kathmandu,1857,2,5,2,29356600
Syangja,877,4,4,2,10227620
Chitwan,1591,4,3,4,22179000
Syangja,1744,1,3,1,10377600
Pokhara,2659,1,4,1,28930220
Kathmandu,2304,2,5,3,36247820
Syangja,2017,3,4,2,19379820
Pokhara,1864,2,2,1,23737840
Pokhara,2174,4,5,3,35482240
Pokhara,2441,1,3,3,26497360
Kathmandu,2541,1,3,1,35368580
Kathmandu,1965,1,1,4,27465240
Kathmandu,2351,1,6,3,32808000
Syangja,1309,4,6,4,14982360
Chitwan,1565,4,3,1,21714920
Kathmandu,2427,1,4,3,33653180
Pokhara,1306,1,4,3,14320720
Syangja,897,1,4,1,5658180
Kathmandu,2257,4,2,2,43617320
Pokhara,1044,2,3,2,13415700
Kathmandu,1290,1,3,2,18095720
Chitwan,2264,2,4,4,23332400
Chitwan,1813,4,5,3,25066780
Kathmandu,1102,1,5,3,15499280
Dhangadi,2438,4,3,1,31204220
Syangja,2665,2,1,4,20507960
Syangja,698,4,6,4,8133180
Chitwan,1574,1,3,1,13434640
Syangja,1753,1,4,1,10545040
Pokhara,1499,4,4,4,24577160
Chitwan,2012,2,3,2,20698260
Dhangadi,2035,3,1,1,22409940
Chitwan,1598,3,6,2,19236520
Pokhara,611,3,2,4,8951200
Kathmandu,2389,4,5,1,46210900
Pokhara,2727,2,2,2,34519740
Dhangadi,2737,2,6,2,25116960
Dhangadi,1400,3,3,1,15537720
Pokhara,1841,4,2,1,30248940
Pokhara,1634,4,2,2,26908540
Pokhara,2108,4,5,1,34514600
Syangja,977,4,6,3,11292220
Pokhara,1523,4,1,1,24999140
Syangja,2296,1,4,1,13553160
Syangja,898,4,6,4,10444700
Dhangadi,1946,3,3,2,21476040
Dhangadi,2525,1,5,4,18742480
Kathmandu,613,1,3,2,8740320
Pokhara,2472,4,5,4,40300000
Dhangadi,1611,1,5,3,11953380
Chitwan,2772,2,4,1,28431720
Syangja,1697,4,4,1,19202860
Syangja,1819,3,5,4,17389140
Kathmandu,1394,1,6,2,19586480
Dhangadi,969,2,2,1,9147880
Kathmandu,1620,3,1,1,28374500
Pokhara,2310,3,4,3,33427880
Syangja,1177,4,4,2,13433200
Chitwan,1297,4,5,2,18080040
Chitwan,1881,3,1,1,22693900
Pokhara,705,2,3,2,9344280
Chitwan,2380,2,2,3,24280640
Dhangadi,1748,3,3,4,19254200
Chitwan,1137,1,2,1,9631780
Kathmandu,1165,4,6,2,22570760
Dhangadi,1507,4,2,2,19576600
Dhangadi,1986,3,4,2,21903540
Syangja,1312,3,3,2,12631760
Dhangadi,742,2,2,2,6951900
Pokhara,1808,3,1,1,26330900
Chitwan,1287,2,1,4,13287540
Syangja,1111,3,5,4,10763920
Dhangadi,2702,4,1,4,34499880
Chitwan,2894,1,4,1,24178640
Dhangadi,2739,2,2,2,25137560
Pokhara,2759,3,2,4,40078800
Dhangadi,630,3,1,4,7287260
Chitwan,2233,2,1,2,22813520
Kathmandu,2024,4,2,4,39147320
Pokhara,885,3,1,3,13002720
Kathmandu,2739,3,6,3,48024660
Kathmandu,1630,3,6,1,28624180
Syangja,2455,2,2,3,18950800
Pokhara,824,1,4,4,9216040
Chitwan,1175,2,3,4,12101720
Dhangadi,1246,3,5,3,13990260
Chitwan,2027,2,3,4,20784300
Syangja,762,3,5,2,7462980
Chitwan,1959,4,1,2,27160200
Kathmandu,1572,1,6,4,22075080
Pokhara,1930,3,4,4,28122540
Pokhara,2135,2,2,4,27165500
Syangja,868,3,2,2,8370640
Dhangadi,2685,3,4,3,29557300
Syangja,802,3,5,4,7828460
Kathmandu,799,4,2,2,15698620
Chitwan,712,2,4,2,7468120
Pokhara,1037,4,1,2,16994360
Dhangadi,935,3,4,1,10597360
Syangja,2730,3,2,2,25995780
Pokhara,2831,4,1,2,46252340
Chitwan,2186,2,4,3,22308060
Dhangadi,1987,4,1,3,25684300
Chitwan,2132,2,2,2,21868400
Dhangadi,1221,1,3,1,9133940
Syangja,2659,4,2,4,30084380
Pokhara,1076,1,3,2,11944140
Kathmandu,2855,2,1,3,44718560
Syangja,1211,4,5,3,13947620
Pokhara,1664,3,4,1,24197400
Kathmandu,2205,1,4,3,30664840
Kathmandu,2272,1,5,2,31638320
Chitwan,2455,2,3,3,25192820
Kathmandu,1321,1,1,4,18636960
Dhangadi,2578,1,5,2,19047300
Dhangadi,826,2,3,3,7818800
Dhangadi,1997,4,1,1,25570260
Kathmandu,2636,4,3,4,51080560
Dhangadi,2161,2,2,2,19958260
Kathmandu,2159,1,1,4,29996700
Syangja,2184,2,5,1,17002500
Chitwan,1789,3,1,1,21637940
Pokhara,2328,3,4,1,33966720
Pokhara,699,4,5,2,11641680
Syangja,2877,1,6,1,16886640
Chitwan,2204,4,1,3,30511260
Syangja,1184,1,6,4,7268560
Kathmandu,2015,3,1,3,35212100
Chitwan,1428,1,2,4,12028540
Kathmandu,2730,4,5,3,52829540
Syangja,2464,1,3,4,14532520
Syangja,2515,3,3,3,23994940
Pokhara,1928,2,4,4,24442940
Kathmandu,2542,3,2,3,44487900
Dhangadi,2057,3,3,4,22744860
Chitwan,1813,2,1,3,18499200
Dhangadi,2707,4,6,1,34811760
Chitwan,2713,1,1,3,22867520
Dhangadi,2083,2,3,3,19147560
Syangja,1197,3,6,1,11642420
Syangja,2687,1,6,3,15870160
Kathmandu,979,4,1,3,19175920
Dhangadi,2871,4,4,4,36783560
Chitwan,2960,4,3,3,40908500
Dhangadi,2362,3,6,3,26039440
Kathmandu,2745,4,1,2,52900280
Chitwan,1523,2,5,2,15739940
Syangja,1756,3,2,3,16862800
Kathmandu,2593,1,1,2,36139420
Kathmandu,2284,4,5,1,44138040
Pokhara,1814,3,2,4,26489020
Kathmandu,2977,3,3,3,52243860
Dhangadi,2873,3,5,1,31648600
Chitwan,2413,4,2,2,33262960
Syangja,745,3,5,3,7305380
Syangja,1328,1,2,2,8003460
Dhangadi,2823,2,3,4,25947880
Dhangadi,1943,2,2,2,18016160
Syangja,2612,1,6,4,15532500
Pokhara,1322,2,6,4,17050880
Chitwan,829,2,4,3,8666380
Kathmandu,1321,2,1,4,20910100
Chitwan,833,1,1,2,7112980
Chitwan,1476,4,6,3,20502440
Pokhara,2345,1,5,4,25591120
Pokhara,2736,1,5,3,29880600
Pokhara,769,1,6,4,8581880
Chitwan,1059,1,4,3,8935240
Pokhara,2243,2,6,1,28658400
Syangja,1263,2,1,2,9981900
Chitwan,2187,1,6,3,18526620
Pokhara,2040,3,5,4,29580080
Pokhara,740,2,1,1,9590860
Kathmandu,1436,4,2,3,27947440
Chitwan,2060,2,2,1,21161340
Chitwan,1235,2,1,1,12781260
Syangja,1946,1,1,4,11729540
Dhangadi,1999,2,5,4,18480380
Pokhara,2159,1,5,1,23597320
Kathmandu,2014,3,3,4,35451600
Pokhara,2912,2,5,1,37029160
Syangja,1733,1,4,1,10431960
Syangja,1674,2,4,1,13068380
Syangja,2953,3,2,4,27924620
Dhangadi,1494,3,4,2,16703680
Dhangadi,2336,1,1,2,17448100
Chitwan,2199,2,6,1,22459700
Pokhara,736,2,6,2,9475240
Chitwan,1679,4,3,4,23408660
Pokhara,692,3,3,2,10223260
Syangja,1807,4,5,3,20542640
Kathmandu,743,2,1,1,11851040
Kathmandu,1268,3,2,3,22291900
Chitwan,621,2,1,4,6595280
Kathmandu,1809,1,3,3,25167700
Dhangadi,1073,4,3,2,13931120
Dhangadi,1723,1,5,4,13018980
Pokhara,1038,2,6,1,13454180
Dhangadi,1482,3,4,3,16567180
Dhangadi,2458,4,3,3,31545240
Syangja,1305,2,1,3,10158860
Kathmandu,1212,1,1,1,16859880
Syangja,2253,1,3,1,13221220
Dhangadi,1557,3,2,1,17126160
Syangja,991,2,6,1,7939940
Chitwan,1045,2,4,2,10849500
Dhangadi,969,4,4,2,12750580
Kathmandu,1660,1,5,2,23315740
Kathmandu,2670,1,4,2,37159140
Kathmandu,815,1,2,3,11456900
Kathmandu,2066,2,1,2,32603500
Syangja,2900,3,2,1,27474360
Dhangadi,2395,3,1,2,26331540
Pokhara,2398,3,4,3,34861000
Chitwan,2821,3,6,1,33737800
Dhangadi,992,2,3,4,9286740
Chitwan,1957,3,1,1,23495000
Chitwan,2169,4,5,4,29958820
Dhangadi,1044,4,5,2,13471220
Kathmandu,2808,2,5,3,44050740
Pokhara,2958,3,2,4,42748940
Dhangadi,990,1,3,2,7421380
Syangja,1852,1,6,2,11174680
Chitwan,3000,3,5,2,36073960
Chitwan,2625,1,2,2,22098780
Dhangadi,2774,4,1,1,35606180
Syangja,1528,3,5,4,14799420
Dhangadi,1427,2,6,3,13294660
Syangja,2101,3,2,3,20239720
Kathmandu,2473,1,1,2,34463260
Kathmandu,1806,4,5,3,34949820
Chitwan,2853,3,1,2,34197820
Syangja,2800,4,4,2,31809740
Kathmandu,2199,4,6,2,42553500
Pokhara,1204,1,6,4,13283220
Pokhara,1154,2,3,1,14861800
Kathmandu,2477,2,5,1,39038960
Chitwan,1184,3,4,1,14383260
Syangja,802,1,6,4,4786920
Pokhara,1812,2,1,1,22977560
Dhangadi,1981,3,1,1,21937600
Kathmandu,963,1,5,1,13744440
Dhangadi,2451,2,3,2,22592100
Pokhara,2033,2,6,3,26056200
Syangja,1791,3,5,3,17052260
Kathmandu,1589,3,1,1,27950000
Kathmandu,2837,2,2,2,44572540
Kathmandu,2802,1,5,3,39023520
Kathmandu,2008,1,2,3,27949060
Pokhara,2288,3,3,2,33180340
Kathmandu,1079,1,5,3,15053680
Dhangadi,2095,3,5,3,22994900
Dhangadi,2957,1,4,3,21791980
Syangja,784,4,4,1,9082420
Dhangadi,2180,1,3,2,16309440
Dhangadi,1816,1,5,2,13496320
Syangja,2615,3,5,2,24888880
Dhangadi,1115,2,6,3,10377560
Kathmandu,647,2,3,4,10345540
Syangja,2112,2,6,2,16470020
Syangja,1639,2,4,4,12757880
Chitwan,1873,4,4,4,25862800
Syangja,2766,3,4,4,26338740
Kathmandu,1744,4,2,4,33871660
Pokhara,1933,4,1,1,31520580
Pokhara,917,4,2,4,15081100
Syangja,2208,3,4,1,21108340
Dhangadi,2515,4,2,3,32166880
Dhangadi,2523,3,6,3,27778300
Syangja,1668,3,3,1,16036380
Chitwan,1836,1,1,2,15400240
Dhangadi,650,3,3,4,7407500
Chitwan,768,3,5,3,9474780
Kathmandu,2688,3,3,2,47071400
Pokhara,1038,4,3,2,17178820
Pokhara,2907,2,6,4,37049920
Chitwan,2643,2,1,2,26949160
Pokhara,2460,1,6,4,26823460
Pokhara,1650,4,1,4,26964500
Syangja,2272,1,1,3,13469760
Pokhara,779,2,6,2,10248220
Kathmandu,2450,3,1,2,42904520
Chitwan,937,4,1,2,12978660
Dhangadi,891,3,2,3,9895160
Dhangadi,1223,2,3,4,11503200
Chitwan,1331,1,2,1,11264440
Syangja,2671,1,6,3,15742260
Kathmandu,620,1,6,3,8932260
Syangja,1184,4,2,2,13643380
Kathmandu,1974,1,5,3,27530940
Kathmandu,1563,3,4,2,27461860
Pokhara,2005,2,5,3,25621840
Chitwan,2364,4,4,2,32649340
Kathmandu,937,4,1,2,18321820
Syangja,1528,1,5,1,9212920
Dhangadi,2375,1,3,1,17488820
Syangja,1006,3,5,1,9893740
Dhangadi,2726,2,4,4,25113420
Chitwan,2593,1,3,2,21655180
Syangja,2803,2,6,4,21439220
Pokhara,1007,3,2,1,14626260
Kathmandu,2285,4,4,3,44032740
Chitwan,1865,1,6,3,15769040
Syangja,1617,2,6,1,12503640
Pokhara,1309,2,5,3,16755660
Syangja,2370,3,4,2,22535700
Kathmandu,1853,1,4,2,26021220
Syangja,2383,3,5,4,22800140
Dhangadi,1092,4,1,2,14130780
Kathmandu,1356,1,1,3,18877360
Chitwan,2103,3,5,3,25481760
Kathmandu,2910,1,4,2,40523620
Dhangadi,1044,1,4,1,7777460
Kathmandu,2204,3,6,2,38600180
Syangja,2070,1,6,4,12253880
Chitwan,643,3,6,1,8018340
Chitwan,2699,2,6,2,27573220
Kathmandu,2777,3,6,4,48739080
Dhangadi,924,3,4,2,10425380
Pokhara,2239,2,3,4,28402620
Chitwan,1248,1,2,1,10683980
Pokhara,979,1,3,2,11035940
Syangja,1674,2,2,2,12888580
Chitwan,1063,1,1,3,9018840
Chitwan,2433,2,1,2,24712400
Chitwan,1481,4,3,2,20649940
Pokhara,1375,1,3,2,15220740
Kathmandu,1318,2,2,4,20872640
Chitwan,2965,2,2,3,30137580
Kathmandu,1791,4,3,3,34759620
Pokhara,1869,1,3,1,20517780
Dhangadi,1006,4,3,1,12980440
Chitwan,1106,3,2,1,13491540
Syangja,676,2,1,1,5587640
Dhangadi,606,2,1,3,5953540
Pokhara,1040,4,5,1,17251220
Pokhara,1354,3,6,1,19862120
Syangja,1802,2,4,4,13873120
Syangja,2941,1,6,4,17271400
Chitwan,1921,1,1,3,16260640
Kathmandu,2490,3,4,3,43736960
Pokhara,2624,3,6,1,37967080
Pokhara,2257,2,6,1,28580880
Syangja,1437,3,3,4,13933860
Syangja,2807,3,2,2,26597640
Pokhara,2896,1,6,3,31588880
Syangja,2298,3,5,2,21873020
Pokhara,757,4,6,3,12653160
Chitwan,2921,2,6,3,29915340
Dhangadi,2354,3,4,3,26022160
Pokhara,1834,4,3,3,29909080
Syangja,1613,4,4,2,18411320
Kathmandu,836,4,1,4,16234680
Pokhara,2087,1,1,4,22881780
Syangja,1163,3,2,4,11158680
Chitwan,2465,3,4,1,29553480
Syangja,2418,4,3,2,27432340
Chitwan,1042,2,1,1,10904100
Kathmandu,2058,1,5,4,28782220
Kathmandu,1610,4,6,4,31248980
Chitwan,1954,3,6,3,23384960
Kathmandu,1946,4,1,4,37752620
Dhangadi,2479,1,1,4,18266780
Dhangadi,2125,4,4,2,27222460
Kathmandu,1735,2,2,3,27330820
Dhangadi,1401,4,1,2,18078880
Pokhara,1113,2,4,4,14376600
Syangja,1189,2,4,4,9327300
Syangja,2006,4,5,3,22850260
Kathmandu,1503,4,2,2,29155580
Dhangadi,636,3,3,4,7117280
Kathmandu,1580,4,4,1,30756260
Pokhara,1464,1,1,1,15959560
Kathmandu,1683,4,4,4,32754520
Syangja,607,1,1,4,3876860
Kathmandu,1443,4,2,4,27945620
Syangja,697,2,2,3,5732280
Dhangadi,2489,2,4,2,22927300
Chitwan,1662,4,1,4,23054400
Chitwan,1457,1,6,4,12417800
Chitwan,996,3,3,2,12156560
Kathmandu,2563,2,1,2,40089840
Pokhara,1800,2,2,4,22928180
Chitwan,2410,2,3,1,24572460
Dhangadi,2293,4,6,1,29342200
Pokhara,2001,4,3,4,32610920
Pokhara,2536,1,2,3,27683320
Chitwan,1354,2,1,1,14049920
Pokhara,1199,1,4,4,13217200
Chitwan,1033,1,4,3,8752900
Pokhara,1733,4,1,1,28349280
Kathmandu,2407,3,5,3,42038440
Dhangadi,967,1,4,1,7311420
Dhangadi,1143,1,6,1,8804660
Kathmandu,1275,4,2,3,24828000
Kathmandu,1862,2,5,4,29390520
Kathmandu,1287,4,6,4,25085140
Pokhara,2021,1,5,1,22172280
Chitwan,1849,3,3,3,22296900
Dhangadi,708,4,6,1,9335280
